{
  "properties": {
    "connectionReferences": {
      "shared_sharepointonline": {
        "runtimeSource": "invoker",
        "connection": {
          "connectionReferenceLogicalName": "kch_sharedsharepointonline_fd5a3"
        },
        "api": {
          "name": "shared_sharepointonline"
        }
      },
      "shared_office365users_1": {
        "runtimeSource": "invoker",
        "connection": {
          "connectionReferenceLogicalName": "kch_sharedoffice365users_1df9e"
        },
        "api": {
          "name": "shared_office365users"
        }
      },
      "shared_approvals_1": {
        "runtimeSource": "invoker",
        "connection": {
          "connectionReferenceLogicalName": "kch_sharedapprovals_4cfa5"
        },
        "api": {
          "name": "shared_approvals"
        }
      },
      "shared_teams_1": {
        "runtimeSource": "invoker",
        "connection": {
          "connectionReferenceLogicalName": "kch_sharedteams_c5568"
        },
        "api": {
          "name": "shared_teams"
        }
      },
      "shared_office365_1": {
        "runtimeSource": "invoker",
        "connection": {
          "connectionReferenceLogicalName": "kch_sharedoffice365_42b09"
        },
        "api": {
          "name": "shared_office365"
        }
      }
    },
    "definition": {
      "$schema": "https://schema.management.azure.com/providers/Microsoft.Logic/schemas/2016-06-01/workflowdefinition.json#",
      "contentVersion": "1.0.0.0",
      "parameters": {
        "$connections": {
          "defaultValue": {},
          "type": "Object"
        },
        "$authentication": {
          "defaultValue": {},
          "type": "SecureObject"
        },
        "sharepoint.site": {
          "defaultValue": "",
          "type": "String"
        },
        "sharepoint.list": {
          "defaultValue": "",
          "type": "String"
        },
        "sharepoint.approvers": {
          "defaultValue": "",
          "type": "String"
        },
        "SharePoint site (kch_SharePointsite)": {
          "defaultValue": "https://microsoftcda.sharepoint.com/sites/PowerPlatformApps-DEV",
          "type": "String",
          "metadata": {
            "schemaName": "kch_SharePointsite"
          }
        },
        "SharePoint list (kch_SharePointlist)": {
          "defaultValue": "88657bac-d191-4cf2-a8be-9f55ec936174",
          "type": "String",
          "metadata": {
            "schemaName": "kch_SharePointlist"
          }
        }
      },
      "triggers": {
        "manual": {
          "splitOn": "@triggerBody()['rows']",
          "metadata": {
            "operationMetadataId": "837b2315-adf5-4fc1-ba4b-51d8c3785b6c"
          },
          "type": "Request",
          "kind": "ApiConnection",
          "inputs": {
            "schema": {
              "type": "object",
              "properties": {
                "rows": {
                  "type": "array",
                  "items": {
                    "type": "object",
                    "properties": {
                      "email": {
                        "title": "Email",
                        "type": "string",
                        "format": "email",
                        "x-ms-dynamically-added": true,
                        "description": "Please enter an e-mail address",
                        "x-ms-content-hint": "EMAIL"
                      },
                      "entity": {
                        "type": "object",
                        "properties": {
                          "ID": {
                            "title": "ID",
                            "type": "integer",
                            "format": "int64"
                          }
                        },
                        "required": [
                          "ID"
                        ]
                      }
                    },
                    "required": [
                      "email",
                      "entity"
                    ]
                  }
                }
              },
              "required": [
                "rows"
              ]
            },
            "host": {
              "connection": {
                "name": "@parameters('$connections')['shared_sharepointonline']['connectionId']"
              }
            },
            "operationId": "GetItemHybridTriggerSchema",
            "parameters": {
              "dataset": "@parameters('SharePoint site (kch_SharePointsite)')",
              "table": "@parameters('SharePoint list (kch_SharePointlist)')"
            }
          }
        }
      },
      "actions": {
        "Get_item": {
          "runAfter": {},
          "metadata": {
            "operationMetadataId": "b35d0693-90d1-4516-a9b1-fb4b202c9158"
          },
          "type": "OpenApiConnection",
          "inputs": {
            "host": {
              "connectionName": "shared_sharepointonline",
              "operationId": "GetItem",
              "apiId": "/providers/Microsoft.PowerApps/apis/shared_sharepointonline"
            },
            "parameters": {
              "dataset": "@parameters('SharePoint site (kch_SharePointsite)')",
              "table": "@parameters('SharePoint list (kch_SharePointlist)')",
              "id": "@triggerBody()?['entity']?['ID']"
            },
            "authentication": {
              "type": "Raw",
              "value": "@json(decodeBase64(triggerOutputs().headers['X-MS-APIM-Tokens']))['$ConnectionKey']"
            }
          }
        },
        "Get_my_profile_(V2)": {
          "runAfter": {
            "Initialize_variable": [
              "Succeeded"
            ]
          },
          "metadata": {
            "operationMetadataId": "b014ee0a-3a7a-4573-9ed1-a62df303191a"
          },
          "type": "OpenApiConnection",
          "inputs": {
            "host": {
              "connectionName": "shared_office365users_1",
              "operationId": "MyProfile_V2",
              "apiId": "/providers/Microsoft.PowerApps/apis/shared_office365users"
            },
            "parameters": {
              "$select": "Mail"
            },
            "authentication": {
              "type": "Raw",
              "value": "@json(decodeBase64(triggerOutputs().headers['X-MS-APIM-Tokens']))['$ConnectionKey']"
            }
          }
        },
        "Create_an_approval_(V2)": {
          "runAfter": {
            "Get_my_profile_(V2)": [
              "Succeeded"
            ]
          },
          "metadata": {
            "operationMetadataId": "a6302f94-10e5-4283-9977-e96b85682027"
          },
          "type": "OpenApiConnection",
          "inputs": {
            "host": {
              "connectionName": "shared_approvals_1",
              "operationId": "CreateAnApproval",
              "apiId": "/providers/Microsoft.PowerApps/apis/shared_approvals"
            },
            "parameters": {
              "approvalType": "CustomResponseAwaitAll",
              "ApprovalCreationInput/responseOptions": [
                "Approve",
                "Reject",
                "Need more info"
              ],
              "ApprovalCreationInput/title": "Please approve the item @{outputs('Get_item')?['body/Title']}",
              "ApprovalCreationInput/assignedTo": "@{triggerBody()['email']};",
              "ApprovalCreationInput/itemLink": "@concat(parameters('SharePoint site (kch_SharePointsite)'),parameters('SharePoint list (kch_SharePointlist)'),'DispForm.aspx?ID=',outputs('Get_item')?['body/ID'])",
              "ApprovalCreationInput/itemLinkDescription": "@outputs('Get_item')?['body/Title']",
              "ApprovalCreationInput/enableNotifications": true,
              "ApprovalCreationInput/enableReassignment": false
            },
            "authentication": {
              "type": "Raw",
              "value": "@json(decodeBase64(triggerOutputs().headers['X-MS-APIM-Tokens']))['$ConnectionKey']"
            }
          }
        },
        "Apply_to_each": {
          "foreach": "@outputs('Create_an_approval_(V2)')?['body/approvers']",
          "actions": {
            "Post_your_own_adaptive_card_as_the_Flow_bot_to_a_user": {
              "runAfter": {},
              "metadata": {
                "operationMetadataId": "9ec9e82e-2b23-40cb-9a32-aced51857fff"
              },
              "type": "OpenApiConnection",
              "inputs": {
                "host": {
                  "connectionName": "shared_teams_1",
                  "operationId": "PostUserAdaptiveCard",
                  "apiId": "/providers/Microsoft.PowerApps/apis/shared_teams"
                },
                "parameters": {
                  "PostAdaptiveCardRequest/recipient/to": "@{items('Apply_to_each')?['email']};",
                  "PostAdaptiveCardRequest/messageBody": "@outputs('Create_an_approval_(V2)')?['body/adaptiveCard']",
                  "PostAdaptiveCardRequest/recipient/isAlert": false
                },
                "authentication": {
                  "type": "Raw",
                  "value": "@json(decodeBase64(triggerOutputs().headers['X-MS-APIM-Tokens']))['$ConnectionKey']"
                }
              }
            }
          },
          "runAfter": {
            "Create_an_approval_(V2)": [
              "Succeeded"
            ]
          },
          "metadata": {
            "operationMetadataId": "6e96349d-c0cd-4a58-9803-9a1531bab90a"
          },
          "type": "Foreach"
        },
        "Wait_for_an_approval_(V2)": {
          "runAfter": {
            "Apply_to_each": [
              "Succeeded"
            ]
          },
          "metadata": {
            "operationMetadataId": "a0718832-a3c1-490f-9135-4a975a07afb8"
          },
          "type": "OpenApiConnectionWebhook",
          "inputs": {
            "host": {
              "connectionName": "shared_approvals_1",
              "operationId": "WaitForAnApproval",
              "apiId": "/providers/Microsoft.PowerApps/apis/shared_approvals"
            },
            "parameters": {
              "approvalName": "@outputs('Create_an_approval_(V2)')?['body/name']"
            },
            "authentication": {
              "type": "Raw",
              "value": "@json(decodeBase64(triggerOutputs().headers['X-MS-APIM-Tokens']))['$ConnectionKey']"
            }
          }
        },
        "Condition": {
          "actions": {
            "Apply_to_each_response_to_approve": {
              "foreach": "@outputs('Wait_for_an_approval_(V2)')?['body/responses']",
              "actions": {
                "Inform_requestor_of_approval": {
                  "runAfter": {},
                  "metadata": {
                    "operationMetadataId": "53ee1a39-2387-4d55-9a16-15098a31212d"
                  },
                  "type": "OpenApiConnection",
                  "inputs": {
                    "host": {
                      "connectionName": "shared_teams_1",
                      "operationId": "PostUserNotification",
                      "apiId": "/providers/Microsoft.PowerApps/apis/shared_teams"
                    },
                    "parameters": {
                      "PostNotificationRequest/recipient/to": "@{outputs('Get_my_profile_(V2)')?['body/mail']};",
                      "PostNotificationRequest/messageBody": "@{items('Apply_to_each_response_to_approve')?['responder/displayName']} has approved your request for [@{body('Get_item')?['{Name}']}](@{body('Get_item')?['{Link}']})\n\nComments: @{items('Apply_to_each_response_to_approve')?['comments']}",
                      "PostNotificationRequest/messageTitle": "Approved: @{body('Get_item')?['{Name}']}",
                      "PostNotificationRequest/recipient/isAlert": false
                    },
                    "authentication": {
                      "type": "Raw",
                      "value": "@json(decodeBase64(triggerOutputs().headers['X-MS-APIM-Tokens']))['$ConnectionKey']"
                    }
                  }
                }
              },
              "runAfter": {},
              "metadata": {
                "operationMetadataId": "9a83fe99-3350-4077-99eb-e8488c24821b"
              },
              "type": "Foreach"
            }
          },
          "runAfter": {
            "Wait_for_an_approval_(V2)": [
              "Succeeded"
            ]
          },
          "else": {
            "actions": {
              "Apply_to_each_response_to_reject": {
                "foreach": "@outputs('Wait_for_an_approval_(V2)')?['body/responses']",
                "actions": {
                  "Inform_requestor_of_rejection": {
                    "runAfter": {},
                    "metadata": {
                      "operationMetadataId": "4c53dfb0-ceff-4fb8-b1df-0b4a8b044fde"
                    },
                    "type": "OpenApiConnection",
                    "inputs": {
                      "host": {
                        "connectionName": "shared_teams_1",
                        "operationId": "PostUserNotification",
                        "apiId": "/providers/Microsoft.PowerApps/apis/shared_teams"
                      },
                      "parameters": {
                        "PostNotificationRequest/recipient/to": "@{outputs('Get_my_profile_(V2)')?['body/mail']};",
                        "PostNotificationRequest/messageBody": "@{items('Apply_to_each_response_to_reject')?['responder/displayName']} did not approve your request for [@{body('Get_item')?['{Name}']}](@{body('Get_item')?['{Link}']})\n\nComments: @{items('Apply_to_each_response_to_reject')?['comments']}",
                        "PostNotificationRequest/messageTitle": "Not approved: @{body('Get_item')?['{Name}']}",
                        "PostNotificationRequest/recipient/isAlert": false
                      },
                      "authentication": {
                        "type": "Raw",
                        "value": "@json(decodeBase64(triggerOutputs().headers['X-MS-APIM-Tokens']))['$ConnectionKey']"
                      }
                    }
                  }
                },
                "runAfter": {},
                "metadata": {
                  "operationMetadataId": "0f201d74-c256-4648-88c9-5375ac0bb249"
                },
                "type": "Foreach"
              }
            }
          },
          "expression": {
            "equals": [
              "@outputs('Wait_for_an_approval_(V2)')?['body/outcome']",
              "Approve"
            ]
          },
          "metadata": {
            "operationMetadataId": "9db576de-f057-44cc-9d30-33f99d57bf90"
          },
          "type": "If"
        },
        "Send_an_email": {
          "runAfter": {
            "Create_an_approval_(V2)": [
              "Failed"
            ]
          },
          "metadata": {
            "operationMetadataId": "98f45118-f6f1-4acf-ac60-7798ae0fc782"
          },
          "type": "OpenApiConnection",
          "inputs": {
            "host": {
              "connectionName": "shared_office365_1",
              "operationId": "SendEmailV2",
              "apiId": "/providers/Microsoft.PowerApps/apis/shared_office365"
            },
            "parameters": {
              "emailMessage/To": "@{outputs('Get_my_profile_(V2)')?['body/mail']};",
              "emailMessage/Subject": "Create an approval action failed",
              "emailMessage/Body": "Create an approval action failed. Possible cause of failure could be invalid users assigned for approval."
            },
            "authentication": {
              "type": "Raw",
              "value": "@json(decodeBase64(triggerOutputs().headers['X-MS-APIM-Tokens']))['$ConnectionKey']"
            }
          }
        },
        "Terminate": {
          "runAfter": {
            "Send_an_email": [
              "Succeeded"
            ]
          },
          "metadata": {
            "operationMetadataId": "5c970249-442e-49f6-938e-f52c8963efc7"
          },
          "type": "Terminate",
          "inputs": {
            "runStatus": "Succeeded"
          }
        },
        "Apply_to_each_2": {
          "foreach": "@outputs('Wait_for_an_approval_(V2)')?['body/responses']",
          "actions": {
            "Append_to_string_variable": {
              "runAfter": {},
              "metadata": {
                "operationMetadataId": "15ac3cea-3ef6-4c5e-aca0-d0c8a526eec5"
              },
              "type": "AppendToStringVariable",
              "inputs": {
                "name": "ApproversComments",
                "value": "@{items('Apply_to_each_2')?['responder/displayName']}: @{items('Apply_to_each_2')?['comments']}\n"
              }
            },
            "Update_item_2": {
              "runAfter": {
                "Append_to_string_variable": [
                  "Succeeded"
                ]
              },
              "metadata": {
                "operationMetadataId": "a28ac62a-e1db-49b8-b53d-0f61213dadd3"
              },
              "type": "OpenApiConnection",
              "inputs": {
                "host": {
                  "connectionName": "shared_sharepointonline",
                  "operationId": "PatchItem",
                  "apiId": "/providers/Microsoft.PowerApps/apis/shared_sharepointonline"
                },
                "parameters": {
                  "dataset": "@parameters('SharePoint site (kch_SharePointsite)')",
                  "table": "@parameters('SharePoint list (kch_SharePointlist)')",
                  "id": "@outputs('Get_item')?['body/ID']",
                  "item/Title": "@outputs('Get_item')?['body/Title']",
                  "item/Status": "@outputs('Wait_for_an_approval_(V2)')?['body/outcome']",
                  "item/Approver/Claims": "@items('Apply_to_each_2')?['responder/email']",
                  "item/Comment": "@variables('ApproversComments')"
                },
                "authentication": {
                  "type": "Raw",
                  "value": "@json(decodeBase64(triggerOutputs().headers['X-MS-APIM-Tokens']))['$ConnectionKey']"
                }
              }
            }
          },
          "runAfter": {
            "Condition": [
              "Succeeded"
            ]
          },
          "metadata": {
            "operationMetadataId": "17e80813-fbca-40b7-8264-c674eaf474c1"
          },
          "type": "Foreach"
        },
        "Initialize_variable": {
          "runAfter": {
            "Get_item": [
              "Succeeded"
            ]
          },
          "metadata": {
            "operationMetadataId": "b15e0fb8-7a38-41a1-98ea-d292cb871885"
          },
          "type": "InitializeVariable",
          "inputs": {
            "variables": [
              {
                "name": "ApproversComments",
                "type": "string"
              }
            ]
          }
        }
      },
      "outputs": {}
    },
    "templateName": ""
  },
  "schemaVersion": "1.0.0.0"
}